{"cameraMode":{"drawMode":0,"name":"Shaded","section":"Shading Mode"},"sceneLighting":false,"audioPlay":false,"sceneViewState":{"showFog":true,"showMaterialUpdate":false,"showSkybox":true,"showFlares":true,"showImageEffects":true,"showParticleSystems":true},"in2DMode":false,"pivot":{"x":-0.0005287784151732922,"y":-0.0012490644585341216,"z":0.0026804115623235704},"rotation":{"x":0.38646820187568667,"y":-0.5234143137931824,"z":0.2878560721874237,"w":0.7027223706245422},"size":0.013574805110692978,"orthographic":false}