{"cameraMode":{"drawMode":0,"name":"Shaded","section":"Shading Mode"},"sceneLighting":false,"audioPlay":false,"sceneViewState":{"showFog":true,"showMaterialUpdate":false,"showSkybox":true,"showFlares":true,"showImageEffects":true,"showParticleSystems":true},"in2DMode":false,"pivot":{"x":0.003987254574894905,"y":0.0005649698432534933,"z":0.01735064387321472},"rotation":{"x":0.23166826367378236,"y":-0.6319990158081055,"z":0.20615418255329133,"w":0.7102165222167969},"size":0.016392072662711145,"orthographic":false}