{"cameraMode":{"drawMode":0,"name":"Shaded","section":"Shading Mode"},"sceneLighting":false,"audioPlay":false,"sceneViewState":{"showFog":true,"showMaterialUpdate":false,"showSkybox":true,"showFlares":true,"showImageEffects":true,"showParticleSystems":true},"in2DMode":false,"pivot":{"x":-0.0033916947431862356,"y":-0.0010366709902882577,"z":0.002414954826235771},"rotation":{"x":0.38646820187568667,"y":-0.5234143137931824,"z":0.2878560721874237,"w":0.7027223706245422},"size":2.710463285446167,"orthographic":false}