{"cameraMode":{"drawMode":0,"name":"Shaded","section":"Shading Mode"},"sceneLighting":false,"audioPlay":false,"sceneViewState":{"showFog":true,"showMaterialUpdate":false,"showSkybox":true,"showFlares":true,"showImageEffects":true,"showParticleSystems":true},"in2DMode":false,"pivot":{"x":-0.0038075540214776994,"y":-0.0008283124770969152,"z":0.0037372158840298654},"rotation":{"x":0.18690381944179536,"y":0.8113321661949158,"z":-0.3608604073524475,"w":0.42022255063056948},"size":0.017078155651688577,"orthographic":false}