{"cameraMode":{"drawMode":0,"name":"Shaded","section":"Shading Mode"},"sceneLighting":false,"audioPlay":false,"sceneViewState":{"showFog":true,"showMaterialUpdate":false,"showSkybox":true,"showFlares":true,"showImageEffects":true,"showParticleSystems":true},"in2DMode":false,"pivot":{"x":-0.00405515544116497,"y":-0.000704281497746706,"z":0.004524048883467913},"rotation":{"x":0.23166826367378236,"y":-0.6319990158081055,"z":0.20615418255329133,"w":0.7102165222167969},"size":0.018227938562631608,"orthographic":false}