{"cameraMode":{"drawMode":0,"name":"Shaded","section":"Shading Mode"},"sceneLighting":false,"audioPlay":false,"sceneViewState":{"showFog":true,"showMaterialUpdate":false,"showSkybox":true,"showFlares":true,"showImageEffects":true,"showParticleSystems":true},"in2DMode":false,"pivot":{"x":-0.21485933661460877,"y":-0.4054471254348755,"z":-0.5299577713012695},"rotation":{"x":0.23166826367378236,"y":-0.6319990158081055,"z":0.20615418255329133,"w":0.7102165222167969},"size":1.8585312366485596,"orthographic":false}