{"cameraMode":{"drawMode":0,"name":"Shaded","section":"Shading Mode"},"sceneLighting":false,"audioPlay":false,"sceneViewState":{"showFog":true,"showMaterialUpdate":false,"showSkybox":true,"showFlares":true,"showImageEffects":true,"showParticleSystems":true},"in2DMode":false,"pivot":{"x":9.26953125,"y":87.18516540527344,"z":9.085723876953125},"rotation":{"x":-0.23416458070278169,"y":0.7600745558738709,"z":-0.37167924642562868,"w":-0.47886136174201968},"size":12224.05859375,"orthographic":false}