{"cameraMode":{"drawMode":0,"name":"Shaded","section":"Shading Mode"},"sceneLighting":false,"audioPlay":false,"sceneViewState":{"showFog":true,"showMaterialUpdate":false,"showSkybox":true,"showFlares":true,"showImageEffects":true,"showParticleSystems":true},"in2DMode":false,"pivot":{"x":-0.19558973610401154,"y":-0.6629672050476074,"z":-0.4889425039291382},"rotation":{"x":0.23166826367378236,"y":-0.6319990158081055,"z":0.20615418255329133,"w":0.7102165222167969},"size":22.0,"orthographic":false}