{"cameraMode":{"drawMode":0,"name":"Shaded","section":"Shading Mode"},"sceneLighting":false,"audioPlay":false,"sceneViewState":{"showFog":true,"showMaterialUpdate":false,"showSkybox":true,"showFlares":true,"showImageEffects":true,"showParticleSystems":true},"in2DMode":false,"pivot":{"x":-0.0016051583224907518,"y":-0.000260994303971529,"z":0.005291013978421688},"rotation":{"x":0.38646820187568667,"y":-0.5234143137931824,"z":0.2878560721874237,"w":0.7027223706245422},"size":0.022594142705202104,"orthographic":false}