{"cameraMode":{"drawMode":0,"name":"Shaded","section":"Shading Mode"},"sceneLighting":false,"audioPlay":false,"sceneViewState":{"showFog":true,"showMaterialUpdate":false,"showSkybox":true,"showFlares":true,"showImageEffects":true,"showParticleSystems":true},"in2DMode":false,"pivot":{"x":474.23480224609377,"y":103.84959411621094,"z":1.1221847534179688},"rotation":{"x":0.14349615573883058,"y":0.8558871150016785,"z":-0.36843979358673098,"w":0.3333441913127899},"size":235.50291442871095,"orthographic":false}