{"cameraMode":{"drawMode":0,"name":"Shaded","section":"Shading Mode"},"sceneLighting":false,"audioPlay":false,"sceneViewState":{"showFog":true,"showMaterialUpdate":false,"showSkybox":true,"showFlares":true,"showImageEffects":true,"showParticleSystems":true},"in2DMode":false,"pivot":{"x":0.29603156447410586,"y":0.44717124104499819,"z":0.5573247671127319},"rotation":{"x":0.2086249440908432,"y":-0.7640532851219177,"z":0.29970303177833559,"w":0.5318612456321716},"size":3.6222267150878908,"orthographic":false}