{"cameraMode":{"drawMode":0,"name":"Shaded","section":"Shading Mode"},"sceneLighting":false,"audioPlay":false,"sceneViewState":{"showFog":true,"showMaterialUpdate":false,"showSkybox":true,"showFlares":true,"showImageEffects":true,"showParticleSystems":true},"in2DMode":false,"pivot":{"x":0.004094231873750687,"y":-0.0017295856960117818,"z":0.015279646962881089},"rotation":{"x":0.38646820187568667,"y":-0.5234143137931824,"z":0.2878560721874237,"w":0.7027223706245422},"size":1.8208167552947999,"orthographic":false}